Facility.ID,Jurisdiction,State,Name,Date,source,Residents.Confirmed,Staff.Confirmed,Residents.Deaths,Staff.Deaths,Residents.Recovered,Staff.Recovered,Residents.Tadmin,Staff.Tested,Residents.Negative,Staff.Negative,Residents.Pending,Staff.Pending,Residents.Quarantine,Staff.Quarantine,Residents.Active,Staff.Active,Population.Feb20,Residents.Population,Residents.Tested,Residents.Vadmin,Staff.Population,Staff.Vadmin,Address,Zipcode,City,County,Latitude,Longitude,County.FIPS,HIFLD.ID,jurisdiction_scraper,Description,Security,Age,Gender,Is.Different.Operator,Different.Operator,Capacity,BJS.ID,Source.Population.Feb20,Source.Capacity,Website,ICE.Field.Office,Notes,V1,Website.y,Web.Group,Residents.Vaccinated,Staff.Vaccinated,Community.Active
112,state,California,CENTRAL CALIFORNIA WOMENS FACILITY,2021-04-02,https://www.cdcr.ca.gov/covid19/updates/,821,273,1,NA,804,269,NA,NA,NA,NA,NA,NA,NA,NA,15,4,2814,2242,NA,NA,1315,NA,23370 ROAD 22,93610,CHOWCHILLA,Madera,37.09368073,-120.1527098,06039,10000801,state,Prison,Max/Min,Adult,Female,FALSE,NA,2004,050000000075700000000,Public Records,Public Records,NA,NA,NA,NA,https://www.cdcr.ca.gov/covid19/population-status-tracking/,Prison,1365,598,178
112,state,California,CENTRAL CALIFORNIA WOMENS FACILITY,2021-04-05,https://www.cdcr.ca.gov/covid19/updates/,810,273,1,NA,804,269,NA,NA,NA,NA,NA,NA,NA,NA,4,4,2814,2244,NA,NA,1318,NA,23370 ROAD 22,93610,CHOWCHILLA,Madera,37.09368073,-120.1527098,06039,10000801,state,Prison,Max/Min,Adult,Female,FALSE,NA,2004,050000000075700000000,Public Records,Public Records,NA,NA,NA,NA,https://www.cdcr.ca.gov/covid19/population-status-tracking/,Prison,1381,596,183
112,state,California,CENTRAL CALIFORNIA WOMENS FACILITY,2021-04-07,https://www.cdcr.ca.gov/covid19/updates/,808,273,1,NA,805,269,NA,NA,NA,NA,NA,NA,NA,NA,1,4,2814,2265,NA,NA,1322,NA,23370 ROAD 22,93610,CHOWCHILLA,Madera,37.09368073,-120.1527098,06039,10000801,state,Prison,Max/Min,Adult,Female,FALSE,NA,2004,050000000075700000000,Public Records,Public Records,NA,NA,NA,NA,https://www.cdcr.ca.gov/covid19/population-status-tracking/,Prison,1401,597,199
112,state,California,CENTRAL CALIFORNIA WOMENS FACILITY,2021-04-09,https://www.cdcr.ca.gov/covid19/updates/,808,273,1,NA,806,269,NA,NA,NA,NA,NA,NA,NA,NA,0,4,2814,2293,NA,NA,1322,NA,23370 ROAD 22,93610,CHOWCHILLA,Madera,37.09368073,-120.1527098,06039,10000801,state,Prison,Max/Min,Adult,Female,FALSE,NA,2004,050000000075700000000,Public Records,Public Records,NA,NA,NA,NA,https://www.cdcr.ca.gov/covid19/population-status-tracking/,Prison,1406,597,191
112,state,California,CENTRAL CALIFORNIA WOMENS FACILITY,2021-04-11,https://www.cdcr.ca.gov/covid19/updates/,808,273,1,NA,806,269,NA,NA,NA,NA,NA,NA,NA,NA,0,4,2814,2299,NA,NA,1320,NA,23370 ROAD 22,93610,CHOWCHILLA,Madera,37.09368073,-120.1527098,06039,10000801,state,Prison,Max/Min,Adult,Female,FALSE,NA,2004,050000000075700000000,Public Records,Public Records,NA,NA,NA,NA,https://www.cdcr.ca.gov/covid19/population-status-tracking/,Prison,1406,597,217
112,state,California,CENTRAL CALIFORNIA WOMENS FACILITY,2021-04-12,https://www.cdcr.ca.gov/covid19/updates/,808,273,1,NA,806,269,NA,NA,NA,NA,NA,NA,NA,NA,0,4,2814,2296,NA,NA,1320,NA,23370 ROAD 22,93610,CHOWCHILLA,Madera,37.09368073,-120.1527098,06039,10000801,state,Prison,Max/Min,Adult,Female,FALSE,NA,2004,050000000075700000000,Public Records,Public Records,NA,NA,NA,NA,https://www.cdcr.ca.gov/covid19/population-status-tracking/,Prison,1410,597,212
112,state,California,CENTRAL CALIFORNIA WOMENS FACILITY,2021-04-14,https://www.cdcr.ca.gov/covid19/updates/,808,277,1,NA,806,271,NA,NA,NA,NA,NA,NA,NA,NA,0,6,2814,2319,NA,NA,1321,NA,23370 ROAD 22,93610,CHOWCHILLA,Madera,37.09368073,-120.1527098,06039,10000801,state,Prison,Max/Min,Adult,Female,FALSE,NA,2004,050000000075700000000,Public Records,Public Records,NA,NA,NA,NA,https://www.cdcr.ca.gov/covid19/population-status-tracking/,Prison,2555,1136,227
112,state,California,CENTRAL CALIFORNIA WOMENS FACILITY,2021-04-16,https://www.cdcr.ca.gov/covid19/updates/,808,277,1,NA,806,271,NA,NA,NA,NA,NA,NA,NA,NA,0,6,2814,2366,NA,NA,1322,NA,23370 ROAD 22,93610,CHOWCHILLA,Madera,37.09368073,-120.1527098,06039,10000801,state,Prison,Max/Min,Adult,Female,FALSE,NA,2004,050000000075700000000,Public Records,Public Records,NA,NA,NA,NA,https://www.cdcr.ca.gov/covid19/population-status-tracking/,Prison,2581,1136,236
112,state,California,CENTRAL CALIFORNIA WOMENS FACILITY,2021-04-18,https://www.cdcr.ca.gov/covid19/updates/,808,277,1,NA,806,271,NA,NA,NA,NA,NA,NA,NA,NA,0,6,2814,2356,NA,NA,1324,NA,23370 ROAD 22,93610,CHOWCHILLA,Madera,37.09368073,-120.1527098,06039,10000801,state,Prison,Max/Min,Adult,Female,FALSE,NA,2004,050000000075700000000,Public Records,Public Records,NA,NA,NA,NA,https://www.cdcr.ca.gov/covid19/population-status-tracking/,Prison,2593,1159,247
112,state,California,CENTRAL CALIFORNIA WOMENS FACILITY,2021-04-19,https://www.cdcr.ca.gov/covid19/updates/,808,277,1,NA,806,271,NA,NA,NA,NA,NA,NA,NA,NA,0,6,2814,2344,NA,NA,1324,NA,23370 ROAD 22,93610,CHOWCHILLA,Madera,37.09368073,-120.1527098,06039,10000801,state,Prison,Max/Min,Adult,Female,FALSE,NA,2004,050000000075700000000,Public Records,Public Records,NA,NA,NA,NA,https://www.cdcr.ca.gov/covid19/population-status-tracking/,Prison,2675,1159,243
112,state,California,CENTRAL CALIFORNIA WOMENS FACILITY,2021-04-21,https://www.cdcr.ca.gov/covid19/updates/,808,277,1,NA,806,271,NA,NA,NA,NA,NA,NA,NA,NA,0,6,2814,2369,NA,NA,1325,NA,23370 ROAD 22,93610,CHOWCHILLA,Madera,37.09368073,-120.1527098,06039,10000801,state,Prison,Max/Min,Adult,Female,FALSE,NA,2004,050000000075700000000,Public Records,Public Records,NA,NA,NA,NA,https://www.cdcr.ca.gov/covid19/population-status-tracking/,Prison,2758,1163,233
112,state,California,CENTRAL CALIFORNIA WOMENS FACILITY,2021-04-23,https://www.cdcr.ca.gov/covid19/updates/,808,277,1,NA,806,271,NA,NA,NA,NA,NA,NA,NA,NA,0,6,2814,2381,NA,NA,1326,NA,23370 ROAD 22,93610,CHOWCHILLA,Madera,37.09368073,-120.1527098,06039,10000801,state,Prison,Max/Min,Adult,Female,FALSE,NA,2004,050000000075700000000,Public Records,Public Records,NA,NA,NA,NA,https://www.cdcr.ca.gov/covid19/population-status-tracking/,Prison,2825,1163,223
112,state,California,CENTRAL CALIFORNIA WOMENS FACILITY,2021-04-26,https://www.cdcr.ca.gov/covid19/updates/,808,278,1,NA,806,273,NA,NA,NA,NA,NA,NA,NA,NA,0,5,2814,2356,NA,NA,1324,NA,23370 ROAD 22,93610,CHOWCHILLA,Madera,37.09368073,-120.1527098,06039,10000801,state,Prison,Max/Min,Adult,Female,FALSE,NA,2004,050000000075700000000,Public Records,Public Records,NA,NA,NA,NA,https://www.cdcr.ca.gov/covid19/population-status-tracking/,Prison,2842,1189,189
112,state,California,CENTRAL CALIFORNIA WOMENS FACILITY,2021-04-28,https://www.cdcr.ca.gov/covid19/updates/,809,278,1,NA,806,273,NA,NA,NA,NA,NA,NA,NA,NA,1,5,2814,2376,NA,NA,1328,NA,23370 ROAD 22,93610,CHOWCHILLA,Madera,37.09368073,-120.1527098,06039,10000801,state,Prison,Max/Min,Adult,Female,FALSE,NA,2004,050000000075700000000,Public Records,Public Records,NA,NA,NA,NA,https://www.cdcr.ca.gov/covid19/population-status-tracking/,Prison,2889,1190,160
112,state,California,CENTRAL CALIFORNIA WOMENS FACILITY,2021-04-30,https://www.cdcr.ca.gov/covid19/updates/,809,278,1,NA,806,273,NA,NA,NA,NA,NA,NA,NA,NA,1,5,2814,2402,NA,NA,1328,NA,23370 ROAD 22,93610,CHOWCHILLA,Madera,37.09368073,-120.1527098,06039,10000801,state,Prison,Max/Min,Adult,Female,FALSE,NA,2004,050000000075700000000,Public Records,Public Records,NA,NA,NA,NA,https://www.cdcr.ca.gov/covid19/population-status-tracking/,Prison,2929,1190,152
112,state,California,CENTRAL CALIFORNIA WOMENS FACILITY,2021-05-05,https://www.cdcr.ca.gov/covid19/updates/,809,279,1,NA,806,274,NA,NA,NA,NA,NA,NA,NA,NA,1,5,2814,2418,NA,NA,1329,NA,23370 ROAD 22,93610,CHOWCHILLA,Madera,37.09368073,-120.1527098,06039,10000801,state,Prison,Max/Min,Adult,Female,FALSE,NA,2004,050000000075700000000,Public Records,Public Records,NA,NA,NA,NA,https://www.cdcr.ca.gov/covid19/population-status-tracking/,Prison,2928,1186,117
112,state,California,CENTRAL CALIFORNIA WOMENS FACILITY,2021-05-07,https://www.cdcr.ca.gov/covid19/updates/,809,279,1,NA,806,274,NA,NA,NA,NA,NA,NA,NA,NA,1,5,2814,2408,NA,NA,1328,NA,23370 ROAD 22,93610,CHOWCHILLA,Madera,37.09368073,-120.1527098,06039,10000801,state,Prison,Max/Min,Adult,Female,FALSE,NA,2004,050000000075700000000,Public Records,Public Records,NA,NA,NA,NA,https://www.cdcr.ca.gov/covid19/population-status-tracking/,Prison,2925,1190,114
112,state,California,CENTRAL CALIFORNIA WOMENS FACILITY,2021-05-09,https://www.cdcr.ca.gov/covid19/updates/,809,280,1,NA,806,275,NA,NA,NA,NA,NA,NA,NA,NA,1,5,2814,2405,NA,NA,1329,NA,23370 ROAD 22,93610,CHOWCHILLA,Madera,37.09368073,-120.1527098,06039,10000801,state,Prison,Max/Min,Adult,Female,FALSE,NA,2004,050000000075700000000,Public Records,Public Records,NA,NA,NA,NA,https://www.cdcr.ca.gov/covid19/population-status-tracking/,Prison,2928,1191,101
112,state,California,CENTRAL CALIFORNIA WOMENS FACILITY,2021-05-10,https://www.cdcr.ca.gov/covid19/updates/,809,280,1,NA,806,275,NA,NA,NA,NA,NA,NA,NA,NA,1,5,2814,2399,NA,NA,1329,NA,23370 ROAD 22,93610,CHOWCHILLA,Madera,37.09368073,-120.1527098,06039,10000801,state,Prison,Max/Min,Adult,Female,FALSE,NA,2004,050000000075700000000,Public Records,Public Records,NA,NA,NA,NA,https://www.cdcr.ca.gov/covid19/population-status-tracking/,Prison,2926,1191,106
112,state,California,CENTRAL CALIFORNIA WOMENS FACILITY,2021-05-12,https://www.cdcr.ca.gov/covid19/updates/,809,280,1,NA,807,275,NA,NA,NA,NA,NA,NA,NA,NA,0,5,2814,2396,NA,NA,1330,NA,23370 ROAD 22,93610,CHOWCHILLA,Madera,37.09368073,-120.1527098,06039,10000801,state,Prison,Max/Min,Adult,Female,FALSE,NA,2004,050000000075700000000,Public Records,Public Records,NA,NA,NA,NA,https://www.cdcr.ca.gov/covid19/population-status-tracking/,Prison,2953,1187,98
112,state,California,CENTRAL CALIFORNIA WOMENS FACILITY,2021-05-14,https://www.cdcr.ca.gov/covid19/updates/,809,280,1,NA,807,275,NA,NA,NA,NA,NA,NA,NA,NA,0,5,2814,2428,NA,NA,1331,NA,23370 ROAD 22,93610,CHOWCHILLA,Madera,37.09368073,-120.1527098,06039,10000801,state,Prison,Max/Min,Adult,Female,FALSE,NA,2004,050000000075700000000,Public Records,Public Records,NA,NA,NA,NA,https://www.cdcr.ca.gov/covid19/population-status-tracking/,Prison,2985,1244,87
112,state,California,CENTRAL CALIFORNIA WOMENS FACILITY,2021-05-16,https://www.cdcr.ca.gov/covid19/updates/,809,282,1,NA,807,275,NA,NA,NA,NA,NA,NA,NA,NA,0,7,2814,2421,NA,NA,1330,NA,23370 ROAD 22,93610,CHOWCHILLA,Madera,37.09368073,-120.1527098,06039,10000801,state,Prison,Max/Min,Adult,Female,FALSE,NA,2004,050000000075700000000,Public Records,Public Records,NA,NA,NA,NA,https://www.cdcr.ca.gov/covid19/population-status-tracking/,Prison,2989,1244,81
112,state,California,CENTRAL CALIFORNIA WOMENS FACILITY,2021-05-17,https://www.cdcr.ca.gov/covid19/updates/,809,282,1,NA,807,275,NA,NA,NA,NA,NA,NA,NA,NA,0,7,2814,2418,NA,NA,1330,NA,23370 ROAD 22,93610,CHOWCHILLA,Madera,37.09368073,-120.1527098,06039,10000801,state,Prison,Max/Min,Adult,Female,FALSE,NA,2004,050000000075700000000,Public Records,Public Records,NA,NA,NA,NA,https://www.cdcr.ca.gov/covid19/population-status-tracking/,Prison,2985,1244,83
112,state,California,CENTRAL CALIFORNIA WOMENS FACILITY,2021-05-19,https://www.cdcr.ca.gov/covid19/updates/,809,282,1,NA,807,275,NA,NA,NA,NA,NA,NA,NA,NA,0,7,2814,2431,NA,NA,1330,NA,23370 ROAD 22,93610,CHOWCHILLA,Madera,37.09368073,-120.1527098,06039,10000801,state,Prison,Max/Min,Adult,Female,FALSE,NA,2004,050000000075700000000,Public Records,Public Records,NA,NA,NA,NA,https://www.cdcr.ca.gov/covid19/population-status-tracking/,Prison,3056,1252,83
112,state,California,CENTRAL CALIFORNIA WOMENS FACILITY,2021-05-21,https://www.cdcr.ca.gov/covid19/updates/,809,282,1,NA,807,275,NA,NA,NA,NA,NA,NA,NA,NA,0,7,2814,2453,NA,NA,1331,NA,23370 ROAD 22,93610,CHOWCHILLA,Madera,37.09368073,-120.1527098,06039,10000801,state,Prison,Max/Min,Adult,Female,FALSE,NA,2004,050000000075700000000,Public Records,Public Records,NA,NA,NA,NA,https://www.cdcr.ca.gov/covid19/population-status-tracking/,Prison,3080,1273,73
112,state,California,CENTRAL CALIFORNIA WOMENS FACILITY,2021-05-23,https://www.cdcr.ca.gov/covid19/updates/,809,282,1,NA,807,277,NA,NA,NA,NA,NA,NA,NA,NA,0,5,2814,2454,NA,NA,1331,NA,23370 ROAD 22,93610,CHOWCHILLA,Madera,37.09368073,-120.1527098,06039,10000801,state,Prison,Max/Min,Adult,Female,FALSE,NA,2004,050000000075700000000,Public Records,Public Records,NA,NA,NA,NA,https://www.cdcr.ca.gov/covid19/population-status-tracking/,Prison,3104,1286,73
112,state,California,CENTRAL CALIFORNIA WOMENS FACILITY,2021-05-24,https://www.cdcr.ca.gov/covid19/updates/,809,282,1,NA,807,277,NA,NA,NA,NA,NA,NA,NA,NA,0,5,2814,2450,NA,NA,1330,NA,23370 ROAD 22,93610,CHOWCHILLA,Madera,37.09368073,-120.1527098,06039,10000801,state,Prison,Max/Min,Adult,Female,FALSE,NA,2004,050000000075700000000,Public Records,Public Records,NA,NA,NA,NA,https://www.cdcr.ca.gov/covid19/population-status-tracking/,Prison,3101,1286,71
112,state,California,CENTRAL CALIFORNIA WOMENS FACILITY,2021-05-26,https://www.cdcr.ca.gov/covid19/updates/,809,282,1,NA,807,277,NA,NA,NA,NA,NA,NA,NA,NA,0,5,2814,2438,NA,NA,1331,NA,23370 ROAD 22,93610,CHOWCHILLA,Madera,37.09368073,-120.1527098,06039,10000801,state,Prison,Max/Min,Adult,Female,FALSE,NA,2004,050000000075700000000,Public Records,Public Records,NA,NA,NA,NA,https://www.cdcr.ca.gov/covid19/population-status-tracking/,Prison,3167,1302,68
112,state,California,CENTRAL CALIFORNIA WOMENS FACILITY,2021-05-30,https://www.cdcr.ca.gov/covid19/updates/,809,291,1,NA,807,287,NA,NA,NA,NA,NA,NA,NA,NA,0,4,2814,2437,NA,NA,1331,NA,23370 ROAD 22,93610,CHOWCHILLA,Madera,37.09368073,-120.1527098,06039,10000801,state,Prison,Max/Min,Adult,Female,FALSE,NA,2004,050000000075700000000,Public Records,Public Records,NA,NA,NA,NA,https://www.cdcr.ca.gov/covid19/population-status-tracking/,Prison,3223,1319,64
112,state,California,CENTRAL CALIFORNIA WOMENS FACILITY,2021-05-31,https://www.cdcr.ca.gov/covid19/updates/,809,291,1,NA,807,287,NA,NA,NA,NA,NA,NA,NA,NA,0,4,2814,2434,NA,NA,1331,NA,23370 ROAD 22,93610,CHOWCHILLA,Madera,37.09368073,-120.1527098,06039,10000801,state,Prison,Max/Min,Adult,Female,FALSE,NA,2004,050000000075700000000,Public Records,Public Records,NA,NA,NA,NA,https://www.cdcr.ca.gov/covid19/population-status-tracking/,Prison,3221,1319,63
112,state,California,CENTRAL CALIFORNIA WOMENS FACILITY,2021-06-02,https://www.cdcr.ca.gov/covid19/updates/,809,291,1,NA,807,287,NA,NA,NA,NA,NA,NA,NA,NA,0,4,2814,2415,NA,NA,1329,NA,23370 ROAD 22,93610,CHOWCHILLA,Madera,37.09368073,-120.1527098,06039,10000801,state,Prison,Max/Min,Adult,Female,FALSE,NA,2004,050000000075700000000,Public Records,Public Records,NA,NA,NA,NA,https://www.cdcr.ca.gov/covid19/population-status-tracking/,Prison,3250,1320,62
112,state,California,CENTRAL CALIFORNIA WOMENS FACILITY,2021-06-04,https://www.cdcr.ca.gov/covid19/updates/,809,291,1,NA,807,287,NA,NA,NA,NA,NA,NA,NA,NA,0,4,2814,2440,NA,NA,1329,NA,23370 ROAD 22,93610,CHOWCHILLA,Madera,37.09368073,-120.1527098,06039,10000801,state,Prison,Max/Min,Adult,Female,FALSE,NA,2004,050000000075700000000,Public Records,Public Records,NA,NA,NA,NA,https://www.cdcr.ca.gov/covid19/population-status-tracking/,Prison,3258,1320,63
112,state,California,CENTRAL CALIFORNIA WOMENS FACILITY,2021-06-06,https://www.cdcr.ca.gov/covid19/updates/,809,291,1,NA,807,287,NA,NA,NA,NA,NA,NA,NA,NA,0,4,2814,2437,NA,NA,1328,NA,23370 ROAD 22,93610,CHOWCHILLA,Madera,37.09368073,-120.1527098,06039,10000801,state,Prison,Max/Min,Adult,Female,FALSE,NA,2004,050000000075700000000,Public Records,Public Records,NA,NA,NA,NA,https://www.cdcr.ca.gov/covid19/population-status-tracking/,Prison,3264,1320,68
112,state,California,CENTRAL CALIFORNIA WOMENS FACILITY,2021-06-07,https://www.cdcr.ca.gov/covid19/updates/,809,291,1,NA,807,287,NA,NA,NA,NA,NA,NA,NA,NA,0,4,2814,2415,NA,NA,1328,NA,23370 ROAD 22,93610,CHOWCHILLA,Madera,37.09368073,-120.1527098,06039,10000801,state,Prison,Max/Min,Adult,Female,FALSE,NA,2004,050000000075700000000,Public Records,Public Records,NA,NA,NA,NA,https://www.cdcr.ca.gov/covid19/population-status-tracking/,Prison,3258,1320,63
112,state,California,CENTRAL CALIFORNIA WOMENS FACILITY,2021-06-09,https://www.cdcr.ca.gov/covid19/updates/,809,291,1,NA,807,287,NA,NA,NA,NA,NA,NA,NA,NA,0,4,2814,2431,NA,NA,1328,NA,23370 ROAD 22,93610,CHOWCHILLA,Madera,37.09368073,-120.1527098,06039,10000801,state,Prison,Max/Min,Adult,Female,FALSE,NA,2004,050000000075700000000,Public Records,Public Records,NA,NA,NA,NA,https://www.cdcr.ca.gov/covid19/population-status-tracking/,Prison,3288,1365,63
112,state,California,CENTRAL CALIFORNIA WOMENS FACILITY,2021-06-11,https://www.cdcr.ca.gov/covid19/updates/,810,291,1,NA,807,287,NA,NA,NA,NA,NA,NA,NA,NA,1,4,2814,2426,NA,NA,1329,NA,23370 ROAD 22,93610,CHOWCHILLA,Madera,37.09368073,-120.1527098,06039,10000801,state,Prison,Max/Min,Adult,Female,FALSE,NA,2004,050000000075700000000,Public Records,Public Records,NA,NA,NA,NA,https://www.cdcr.ca.gov/covid19/population-status-tracking/,Prison,3299,1373,55
112,state,California,CENTRAL CALIFORNIA WOMENS FACILITY,2021-06-13,https://www.cdcr.ca.gov/covid19/updates/,810,291,1,NA,807,287,NA,NA,NA,NA,NA,NA,NA,NA,1,4,2814,2410,NA,NA,1329,NA,23370 ROAD 22,93610,CHOWCHILLA,Madera,37.09368073,-120.1527098,06039,10000801,state,Prison,Max/Min,Adult,Female,FALSE,NA,2004,050000000075700000000,Public Records,Public Records,NA,NA,NA,NA,https://www.cdcr.ca.gov/covid19/population-status-tracking/,Prison,3304,1377,55
112,state,California,CENTRAL CALIFORNIA WOMENS FACILITY,2021-06-14,https://www.cdcr.ca.gov/covid19/updates/,809,291,1,NA,807,287,NA,NA,NA,NA,NA,NA,NA,NA,0,4,2814,2410,NA,NA,1329,NA,23370 ROAD 22,93610,CHOWCHILLA,Madera,37.09368073,-120.1527098,06039,10000801,state,Prison,Max/Min,Adult,Female,FALSE,NA,2004,050000000075700000000,Public Records,Public Records,NA,NA,NA,NA,https://www.cdcr.ca.gov/covid19/population-status-tracking/,Prison,3300,1377,57
112,state,California,CENTRAL CALIFORNIA WOMENS FACILITY,2021-07-27,https://www.cdcr.ca.gov/covid19/updates/,809,297,1,NA,807,297,NA,NA,NA,NA,NA,NA,NA,NA,0,0,2814,2418,NA,NA,1332,NA,23370 ROAD 22,93610,CHOWCHILLA,Madera,37.09368073,-120.1527098,06039,10000801,state,Prison,Max/Min,Adult,Female,FALSE,NA,2004,050000000075700000000,Public Records,Public Records,NA,NA,NA,NA,https://www.cdcr.ca.gov/covid19/population-status-tracking/,Prison,3600,1448,274
112,state,California,CENTRAL CALIFORNIA WOMENS FACILITY,2021-07-30,https://www.cdcr.ca.gov/covid19/updates/,809,297,1,NA,807,297,NA,NA,NA,NA,NA,NA,NA,NA,0,0,2814,2400,NA,NA,1336,NA,23370 ROAD 22,93610,CHOWCHILLA,Madera,37.09368073,-120.1527098,06039,10000801,state,Prison,Max/Min,Adult,Female,FALSE,NA,2004,050000000075700000000,Public Records,Public Records,NA,NA,NA,NA,https://www.cdcr.ca.gov/covid19/population-status-tracking/,Prison,3555,1452,310
112,state,California,CENTRAL CALIFORNIA WOMENS FACILITY,2021-08-03,https://www.cdcr.ca.gov/covid19/updates/,809,302,1,NA,807,296,NA,NA,NA,NA,NA,NA,NA,NA,0,6,2814,2372,NA,NA,1331,NA,23370 ROAD 22,93610,CHOWCHILLA,Madera,37.09368073,-120.1527098,06039,10000801,state,Prison,Max/Min,Adult,Female,FALSE,NA,2004,050000000075700000000,Public Records,Public Records,NA,NA,NA,NA,https://www.cdcr.ca.gov/covid19/population-status-tracking/,Prison,3566,1450,441
112,state,California,CENTRAL CALIFORNIA WOMENS FACILITY,2021-08-06,https://www.cdcr.ca.gov/covid19/updates/,809,302,1,NA,807,296,NA,NA,NA,NA,NA,NA,NA,NA,0,6,2814,2374,NA,NA,1337,NA,23370 ROAD 22,93610,CHOWCHILLA,Madera,37.09368073,-120.1527098,06039,10000801,state,Prison,Max/Min,Adult,Female,FALSE,NA,2004,050000000075700000000,Public Records,Public Records,NA,NA,NA,NA,https://www.cdcr.ca.gov/covid19/population-status-tracking/,Prison,3584,1455,538
112,state,California,CENTRAL CALIFORNIA WOMENS FACILITY,2021-08-10,https://www.cdcr.ca.gov/covid19/updates/,812,319,1,NA,807,296,NA,NA,NA,NA,NA,NA,NA,NA,3,23,2814,2356,NA,NA,1337,NA,23370 ROAD 22,93610,CHOWCHILLA,Madera,37.09368073,-120.1527098,06039,10000801,state,Prison,Max/Min,Adult,Female,FALSE,NA,2004,050000000075700000000,Public Records,Public Records,NA,NA,NA,NA,https://www.cdcr.ca.gov/covid19/population-status-tracking/,Prison,3578,1459,610
112,state,California,CENTRAL CALIFORNIA WOMENS FACILITY,2021-08-13,https://www.cdcr.ca.gov/covid19/updates/,812,319,1,NA,807,296,NA,NA,NA,NA,NA,NA,NA,NA,3,23,2814,2387,NA,NA,1336,NA,23370 ROAD 22,93610,CHOWCHILLA,Madera,37.09368073,-120.1527098,06039,10000801,state,Prison,Max/Min,Adult,Female,FALSE,NA,2004,050000000075700000000,Public Records,Public Records,NA,NA,NA,NA,https://www.cdcr.ca.gov/covid19/population-status-tracking/,Prison,3609,1459,695
112,state,California,CENTRAL CALIFORNIA WOMENS FACILITY,2021-08-17,https://www.cdcr.ca.gov/covid19/updates/,812,333,1,NA,807,307,NA,NA,NA,NA,NA,NA,NA,NA,3,26,2814,2386,NA,NA,1335,NA,23370 ROAD 22,93610,CHOWCHILLA,Madera,37.09368073,-120.1527098,06039,10000801,state,Prison,Max/Min,Adult,Female,FALSE,NA,2004,050000000075700000000,Public Records,Public Records,NA,NA,NA,NA,https://www.cdcr.ca.gov/covid19/population-status-tracking/,Prison,3623,1459,771
112,state,California,CENTRAL CALIFORNIA WOMENS FACILITY,2021-08-20,https://www.cdcr.ca.gov/covid19/updates/,814,333,1,NA,808,307,NA,NA,NA,NA,NA,NA,NA,NA,4,26,2814,2412,NA,NA,1334,NA,23370 ROAD 22,93610,CHOWCHILLA,Madera,37.09368073,-120.1527098,06039,10000801,state,Prison,Max/Min,Adult,Female,FALSE,NA,2004,050000000075700000000,Public Records,Public Records,NA,NA,NA,NA,https://www.cdcr.ca.gov/covid19/population-status-tracking/,Prison,3681,1459,855
112,state,California,CENTRAL CALIFORNIA WOMENS FACILITY,2021-08-24,https://www.cdcr.ca.gov/covid19/updates/,814,345,1,NA,810,326,NA,NA,NA,NA,NA,NA,NA,NA,2,19,2814,2403,NA,NA,1343,NA,23370 ROAD 22,93610,CHOWCHILLA,Madera,37.09368073,-120.1527098,06039,10000801,state,Prison,Max/Min,Adult,Female,FALSE,NA,2004,050000000075700000000,Public Records,Public Records,NA,NA,NA,NA,https://www.cdcr.ca.gov/covid19/population-status-tracking/,Prison,3689,1477,926
112,state,California,CENTRAL CALIFORNIA WOMENS FACILITY,2021-08-27,https://www.cdcr.ca.gov/covid19/updates/,814,345,1,NA,810,326,NA,NA,NA,NA,NA,NA,NA,NA,2,19,2814,2431,NA,NA,1342,NA,23370 ROAD 22,93610,CHOWCHILLA,Madera,37.09368073,-120.1527098,06039,10000801,state,Prison,Max/Min,Adult,Female,FALSE,NA,2004,050000000075700000000,Public Records,Public Records,NA,NA,NA,NA,https://www.cdcr.ca.gov/covid19/population-status-tracking/,Prison,3738,1485,1035
112,state,California,CENTRAL CALIFORNIA WOMENS FACILITY,2021-08-31,https://www.cdcr.ca.gov/covid19/updates/,815,352,1,NA,812,338,NA,NA,NA,NA,NA,NA,NA,NA,1,14,2814,2427,NA,NA,1340,NA,23370 ROAD 22,93610,CHOWCHILLA,Madera,37.09368073,-120.1527098,06039,10000801,state,Prison,Max/Min,Adult,Female,FALSE,NA,2004,050000000075700000000,Public Records,Public Records,NA,NA,NA,NA,https://www.cdcr.ca.gov/covid19/population-status-tracking/,Prison,3764,1493,1165
112,state,California,CENTRAL CALIFORNIA WOMENS FACILITY,2021-09-03,https://www.cdcr.ca.gov/covid19/updates/,815,352,1,NA,812,338,NA,NA,NA,NA,NA,NA,NA,NA,1,14,2814,2415,NA,NA,1333,NA,23370 ROAD 22,93610,CHOWCHILLA,Madera,37.09368073,-120.1527098,06039,10000801,state,Prison,Max/Min,Adult,Female,FALSE,NA,2004,050000000075700000000,Public Records,Public Records,NA,NA,NA,NA,https://www.cdcr.ca.gov/covid19/population-status-tracking/,Prison,3775,1489,1202
112,state,California,CENTRAL CALIFORNIA WOMENS FACILITY,2021-09-07,https://www.cdcr.ca.gov/covid19/updates/,815,352,1,NA,812,338,NA,NA,NA,NA,NA,NA,NA,NA,1,14,2814,2406,NA,NA,1331,NA,23370 ROAD 22,93610,CHOWCHILLA,Madera,37.09368073,-120.1527098,06039,10000801,state,Prison,Max/Min,Adult,Female,FALSE,NA,2004,050000000075700000000,Public Records,Public Records,NA,NA,NA,NA,https://www.cdcr.ca.gov/covid19/population-status-tracking/,Prison,3768,1493,1260
112,state,California,CENTRAL CALIFORNIA WOMENS FACILITY,2021-09-10,https://www.cdcr.ca.gov/covid19/updates/,815,356,1,NA,813,349,NA,NA,NA,NA,NA,NA,NA,NA,0,7,2814,2407,NA,NA,1333,NA,23370 ROAD 22,93610,CHOWCHILLA,Madera,37.09368073,-120.1527098,06039,10000801,state,Prison,Max/Min,Adult,Female,FALSE,NA,2004,050000000075700000000,Public Records,Public Records,NA,NA,NA,NA,https://www.cdcr.ca.gov/covid19/population-status-tracking/,Prison,3784,1510,1224
112,state,California,CENTRAL CALIFORNIA WOMENS FACILITY,2021-09-14,https://www.cdcr.ca.gov/covid19/updates/,822,361,1,NA,820,354,NA,NA,NA,NA,NA,NA,NA,NA,0,7,2814,2404,NA,NA,1331,NA,23370 ROAD 22,93610,CHOWCHILLA,Madera,37.09368073,-120.1527098,06039,10000801,state,Prison,Max/Min,Adult,Female,FALSE,NA,2004,050000000075700000000,Public Records,Public Records,NA,NA,NA,NA,https://www.cdcr.ca.gov/covid19/population-status-tracking/,Prison,3803,1516,1135
112,state,California,CENTRAL CALIFORNIA WOMENS FACILITY,2021-09-17,https://www.cdcr.ca.gov/covid19/updates/,822,361,1,NA,820,354,NA,NA,NA,NA,NA,NA,NA,NA,0,7,2814,2424,NA,NA,1329,NA,23370 ROAD 22,93610,CHOWCHILLA,Madera,37.09368073,-120.1527098,06039,10000801,state,Prison,Max/Min,Adult,Female,FALSE,NA,2004,050000000075700000000,Public Records,Public Records,NA,NA,NA,NA,https://www.cdcr.ca.gov/covid19/population-status-tracking/,Prison,3811,1525,1138
112,state,California,CENTRAL CALIFORNIA WOMENS FACILITY,2021-09-21,https://www.cdcr.ca.gov/covid19/updates/,824,374,1,NA,820,356,NA,NA,NA,NA,NA,NA,NA,NA,2,18,2814,2415,NA,NA,1329,NA,23370 ROAD 22,93610,CHOWCHILLA,Madera,37.09368073,-120.1527098,06039,10000801,state,Prison,Max/Min,Adult,Female,FALSE,NA,2004,050000000075700000000,Public Records,Public Records,NA,NA,NA,NA,https://www.cdcr.ca.gov/covid19/population-status-tracking/,Prison,3839,1534,1116
112,state,California,CENTRAL CALIFORNIA WOMENS FACILITY,2021-09-23,https://www.cdcr.ca.gov/covid19/updates/,824,374,1,NA,820,356,NA,NA,NA,NA,NA,NA,NA,NA,2,18,2814,2365,NA,NA,1328,NA,23370 ROAD 22,93610,CHOWCHILLA,Madera,37.09368073,-120.1527098,06039,10000801,state,Prison,Max/Min,Adult,Female,FALSE,NA,2004,050000000075700000000,Public Records,Public Records,NA,NA,NA,NA,https://www.cdcr.ca.gov/covid19/population-status-tracking/,Prison,3816,1547,1147
112,state,California,CENTRAL CALIFORNIA WOMENS FACILITY,2021-09-28,https://www.cdcr.ca.gov/covid19/updates/,824,376,1,NA,820,367,NA,NA,NA,NA,NA,NA,NA,NA,2,9,2814,2358,NA,NA,1337,NA,23370 ROAD 22,93610,CHOWCHILLA,Madera,37.09368073,-120.1527098,06039,10000801,state,Prison,Max/Min,Adult,Female,FALSE,NA,2004,050000000075700000000,Public Records,Public Records,NA,NA,NA,NA,https://www.cdcr.ca.gov/covid19/population-status-tracking/,Prison,3790,1576,1086
112,state,California,CENTRAL CALIFORNIA WOMENS FACILITY,2021-10-01,https://www.cdcr.ca.gov/covid19/updates/,824,376,1,NA,820,367,NA,NA,NA,NA,NA,NA,NA,NA,2,9,2814,2380,NA,NA,1337,NA,23370 ROAD 22,93610,CHOWCHILLA,Madera,37.09368073,-120.1527098,06039,10000801,state,Prison,Max/Min,Adult,Female,FALSE,NA,2004,050000000075700000000,Public Records,Public Records,NA,NA,NA,NA,https://www.cdcr.ca.gov/covid19/population-status-tracking/,Prison,3805,1598,1038
112,state,California,CENTRAL CALIFORNIA WOMENS FACILITY,2021-10-05,https://www.cdcr.ca.gov/covid19/updates/,824,383,1,NA,822,374,NA,NA,NA,NA,NA,NA,NA,NA,0,9,2814,2371,NA,NA,1334,NA,23370 ROAD 22,93610,CHOWCHILLA,Madera,37.09368073,-120.1527098,06039,10000801,state,Prison,Max/Min,Adult,Female,FALSE,NA,2004,050000000075700000000,Public Records,Public Records,NA,NA,NA,NA,https://www.cdcr.ca.gov/covid19/population-status-tracking/,Prison,3799,1602,1013
112,state,California,CENTRAL CALIFORNIA WOMENS FACILITY,2021-10-08,https://www.cdcr.ca.gov/covid19/updates/,824,383,1,1,822,374,NA,NA,NA,NA,NA,NA,NA,NA,0,9,2814,2347,NA,NA,1334,NA,23370 ROAD 22,93610,CHOWCHILLA,Madera,37.09368073,-120.1527098,06039,10000801,state,Prison,Max/Min,Adult,Female,FALSE,NA,2004,050000000075700000000,Public Records,Public Records,NA,NA,NA,NA,https://www.cdcr.ca.gov/covid19/population-status-tracking/,Prison,3757,1625,1038
112,state,California,CENTRAL CALIFORNIA WOMENS FACILITY,2021-10-12,https://www.cdcr.ca.gov/covid19/updates/,824,387,1,1,822,378,NA,NA,NA,NA,NA,NA,NA,NA,0,9,2814,2332,NA,NA,1336,NA,23370 ROAD 22,93610,CHOWCHILLA,Madera,37.09368073,-120.1527098,06039,10000801,state,Prison,Max/Min,Adult,Female,FALSE,NA,2004,050000000075700000000,Public Records,Public Records,NA,NA,NA,NA,https://www.cdcr.ca.gov/covid19/population-status-tracking/,Prison,3780,1640,968
112,state,California,CENTRAL CALIFORNIA WOMENS FACILITY,2021-10-15,https://www.cdcr.ca.gov/covid19/updates/,824,387,1,1,822,378,NA,NA,NA,NA,NA,NA,NA,NA,0,9,2814,2341,NA,NA,1336,NA,23370 ROAD 22,93610,CHOWCHILLA,Madera,37.09368073,-120.1527098,06039,10000801,state,Prison,Max/Min,Adult,Female,FALSE,NA,2004,050000000075700000000,Public Records,Public Records,NA,NA,NA,NA,https://www.cdcr.ca.gov/covid19/population-status-tracking/,Prison,3763,1674,917
112,state,California,CENTRAL CALIFORNIA WOMENS FACILITY,2021-10-19,https://www.cdcr.ca.gov/covid19/updates/,824,393,1,1,822,384,NA,NA,NA,NA,NA,NA,NA,NA,0,9,2814,2334,NA,NA,1339,NA,23370 ROAD 22,93610,CHOWCHILLA,Madera,37.09368073,-120.1527098,06039,10000801,state,Prison,Max/Min,Adult,Female,FALSE,NA,2004,050000000075700000000,Public Records,Public Records,NA,NA,NA,NA,https://www.cdcr.ca.gov/covid19/population-status-tracking/,Prison,3776,1702,899
112,state,California,CENTRAL CALIFORNIA WOMENS FACILITY,2021-10-22,https://www.cdcr.ca.gov/covid19/updates/,824,393,1,1,822,384,NA,NA,NA,NA,NA,NA,NA,NA,0,9,2814,2352,NA,NA,1342,NA,23370 ROAD 22,93610,CHOWCHILLA,Madera,37.09368073,-120.1527098,06039,10000801,state,Prison,Max/Min,Adult,Female,FALSE,NA,2004,050000000075700000000,Public Records,Public Records,NA,NA,NA,NA,https://www.cdcr.ca.gov/covid19/population-status-tracking/,Prison,3800,1710,873
112,state,California,CENTRAL CALIFORNIA WOMENS FACILITY,2021-10-26,https://www.cdcr.ca.gov/covid19/updates/,824,400,1,1,822,390,NA,NA,NA,NA,NA,NA,NA,NA,0,10,2814,2304,NA,NA,1338,NA,23370 ROAD 22,93610,CHOWCHILLA,Madera,37.09368073,-120.1527098,06039,10000801,state,Prison,Max/Min,Adult,Female,FALSE,NA,2004,050000000075700000000,Public Records,Public Records,NA,NA,NA,NA,https://www.cdcr.ca.gov/covid19/population-status-tracking/,Prison,3738,1720,910
112,state,California,CENTRAL CALIFORNIA WOMENS FACILITY,2021-10-29,https://www.cdcr.ca.gov/covid19/updates/,829,400,1,1,822,390,NA,NA,NA,NA,NA,NA,NA,NA,5,10,2814,2298,NA,NA,1347,NA,23370 ROAD 22,93610,CHOWCHILLA,Madera,37.09368073,-120.1527098,06039,10000801,state,Prison,Max/Min,Adult,Female,FALSE,NA,2004,050000000075700000000,Public Records,Public Records,NA,NA,NA,NA,https://www.cdcr.ca.gov/covid19/population-status-tracking/,Prison,3744,1744,955
112,state,California,CENTRAL CALIFORNIA WOMENS FACILITY,2021-11-02,https://www.cdcr.ca.gov/covid19/updates/,872,401,1,1,822,392,NA,NA,NA,NA,NA,NA,NA,NA,48,9,2814,2292,NA,NA,1343,NA,23370 ROAD 22,93610,CHOWCHILLA,Madera,37.09368073,-120.1527098,06039,10000801,state,Prison,Max/Min,Adult,Female,FALSE,NA,2004,050000000075700000000,Public Records,Public Records,NA,NA,NA,NA,https://www.cdcr.ca.gov/covid19/population-status-tracking/,Prison,3749,1749,1019
112,state,California,CENTRAL CALIFORNIA WOMENS FACILITY,2021-11-08,https://www.cdcr.ca.gov/covid19/updates/,936,401,1,1,822,392,NA,NA,NA,NA,NA,NA,NA,NA,112,9,2814,2286,NA,NA,1345,NA,23370 ROAD 22,93610,CHOWCHILLA,Madera,37.09368073,-120.1527098,06039,10000801,state,Prison,Max/Min,Adult,Female,FALSE,NA,2004,050000000075700000000,Public Records,Public Records,NA,NA,NA,NA,https://www.cdcr.ca.gov/covid19/population-status-tracking/,Prison,3722,1786,1045
112,state,California,CENTRAL CALIFORNIA WOMENS FACILITY,2021-11-12,https://www.cdcr.ca.gov/covid19/updates/,949,404,1,1,849,398,NA,NA,NA,NA,NA,NA,NA,NA,98,6,2814,2268,NA,NA,1346,NA,23370 ROAD 22,93610,CHOWCHILLA,Madera,37.09368073,-120.1527098,06039,10000801,state,Prison,Max/Min,Adult,Female,FALSE,NA,2004,050000000075700000000,Public Records,Public Records,NA,NA,NA,NA,https://www.cdcr.ca.gov/covid19/population-status-tracking/,Prison,3691,1797,856
